Target,Target_Namespace,Target_Type,Target_Method,Job_Id,Job_AnalyzeLaunchVariance,Job_EvaluateOverhead,Job_MaxAbsoluteError,Job_MaxRelativeError,Job_MinInvokeCount,Job_MinIterationTime,Job_OutlierMode,Job_Affinity,Job_EnvironmentVariables,Job_Jit,Job_Platform,Job_PowerPlanMode,Job_Runtime,Job_AllowVeryLargeObjects,Job_Concurrent,Job_CpuGroups,Job_Force,Job_HeapAffinitizeMask,Job_HeapCount,Job_NoAffinitize,Job_RetainVm,Job_Server,Job_Arguments,Job_BuildConfiguration,Job_Clock,Job_EngineFactory,Job_NuGetReferences,Job_Toolchain,Job_IsMutator,Job_InvocationCount,Job_IterationCount,Job_IterationTime,Job_LaunchCount,Job_MaxIterationCount,Job_MaxWarmupIterationCount,Job_MinIterationCount,Job_MinWarmupIterationCount,Job_RunStrategy,Job_UnrollFactor,Job_WarmupCount,Job_Display,Params,Measurement_LaunchIndex,Measurement_IterationMode,Measurement_IterationStage,Measurement_IterationIndex,Measurement_Nanoseconds,Measurement_Operations,Measurement_Value
InsertTableSingleThreadedBenchmark.InsertIntoTable,UnitBenchmark,InsertTableSingleThreadedBenchmark,InsertIntoTable,ShortRun,Default,Default,Default,Default,Default,Default,Default,Default,Default,Default,Default,Default,Default,Default,Default,Default,Default,Default,Default,Default,Default,Default,Default,Default,Default,Default,Default,Default,Default,Default,3,Default,1,Default,Default,Default,Default,Default,Default,3,"ShortRun(IterationCount=3, LaunchCount=1, WarmupCount=3)",RowsInTableNumber=1000,1,Overhead,Jitting,1,459800,1,459800
InsertTableSingleThreadedBenchmark.InsertIntoTable,UnitBenchmark,InsertTableSingleThreadedBenchmark,InsertIntoTable,ShortRun,Default,Default,Default,Default,Default,Default,Default,Default,Default,Default,Default,Default,Default,Default,Default,Default,Default,Default,Default,Default,Default,Default,Default,Default,Default,Default,Default,Default,Default,Default,3,Default,1,Default,Default,Default,Default,Default,Default,3,"ShortRun(IterationCount=3, LaunchCount=1, WarmupCount=3)",RowsInTableNumber=1000,1,Workload,Jitting,1,415386000,1,415386000
InsertTableSingleThreadedBenchmark.InsertIntoTable,UnitBenchmark,InsertTableSingleThreadedBenchmark,InsertIntoTable,ShortRun,Default,Default,Default,Default,Default,Default,Default,Default,Default,Default,Default,Default,Default,Default,Default,Default,Default,Default,Default,Default,Default,Default,Default,Default,Default,Default,Default,Default,Default,Default,3,Default,1,Default,Default,Default,Default,Default,Default,3,"ShortRun(IterationCount=3, LaunchCount=1, WarmupCount=3)",RowsInTableNumber=1000,1,Workload,Warmup,1,171433200,1,171433200
InsertTableSingleThreadedBenchmark.InsertIntoTable,UnitBenchmark,InsertTableSingleThreadedBenchmark,InsertIntoTable,ShortRun,Default,Default,Default,Default,Default,Default,Default,Default,Default,Default,Default,Default,Default,Default,Default,Default,Default,Default,Default,Default,Default,Default,Default,Default,Default,Default,Default,Default,Default,Default,3,Default,1,Default,Default,Default,Default,Default,Default,3,"ShortRun(IterationCount=3, LaunchCount=1, WarmupCount=3)",RowsInTableNumber=1000,1,Workload,Warmup,2,180732300,1,180732300
InsertTableSingleThreadedBenchmark.InsertIntoTable,UnitBenchmark,InsertTableSingleThreadedBenchmark,InsertIntoTable,ShortRun,Default,Default,Default,Default,Default,Default,Default,Default,Default,Default,Default,Default,Default,Default,Default,Default,Default,Default,Default,Default,Default,Default,Default,Default,Default,Default,Default,Default,Default,Default,3,Default,1,Default,Default,Default,Default,Default,Default,3,"ShortRun(IterationCount=3, LaunchCount=1, WarmupCount=3)",RowsInTableNumber=1000,1,Workload,Warmup,3,119200400,1,119200400
InsertTableSingleThreadedBenchmark.InsertIntoTable,UnitBenchmark,InsertTableSingleThreadedBenchmark,InsertIntoTable,ShortRun,Default,Default,Default,Default,Default,Default,Default,Default,Default,Default,Default,Default,Default,Default,Default,Default,Default,Default,Default,Default,Default,Default,Default,Default,Default,Default,Default,Default,Default,Default,3,Default,1,Default,Default,Default,Default,Default,Default,3,"ShortRun(IterationCount=3, LaunchCount=1, WarmupCount=3)",RowsInTableNumber=1000,1,Workload,Actual,1,125735800,1,125735800
InsertTableSingleThreadedBenchmark.InsertIntoTable,UnitBenchmark,InsertTableSingleThreadedBenchmark,InsertIntoTable,ShortRun,Default,Default,Default,Default,Default,Default,Default,Default,Default,Default,Default,Default,Default,Default,Default,Default,Default,Default,Default,Default,Default,Default,Default,Default,Default,Default,Default,Default,Default,Default,3,Default,1,Default,Default,Default,Default,Default,Default,3,"ShortRun(IterationCount=3, LaunchCount=1, WarmupCount=3)",RowsInTableNumber=1000,1,Workload,Actual,2,120657200,1,120657200
InsertTableSingleThreadedBenchmark.InsertIntoTable,UnitBenchmark,InsertTableSingleThreadedBenchmark,InsertIntoTable,ShortRun,Default,Default,Default,Default,Default,Default,Default,Default,Default,Default,Default,Default,Default,Default,Default,Default,Default,Default,Default,Default,Default,Default,Default,Default,Default,Default,Default,Default,Default,Default,3,Default,1,Default,Default,Default,Default,Default,Default,3,"ShortRun(IterationCount=3, LaunchCount=1, WarmupCount=3)",RowsInTableNumber=1000,1,Workload,Actual,3,116121600,1,116121600
InsertTableSingleThreadedBenchmark.InsertIntoTable,UnitBenchmark,InsertTableSingleThreadedBenchmark,InsertIntoTable,ShortRun,Default,Default,Default,Default,Default,Default,Default,Default,Default,Default,Default,Default,Default,Default,Default,Default,Default,Default,Default,Default,Default,Default,Default,Default,Default,Default,Default,Default,Default,Default,3,Default,1,Default,Default,Default,Default,Default,Default,3,"ShortRun(IterationCount=3, LaunchCount=1, WarmupCount=3)",RowsInTableNumber=1000,1,Workload,Result,1,125735800,1,125735800
InsertTableSingleThreadedBenchmark.InsertIntoTable,UnitBenchmark,InsertTableSingleThreadedBenchmark,InsertIntoTable,ShortRun,Default,Default,Default,Default,Default,Default,Default,Default,Default,Default,Default,Default,Default,Default,Default,Default,Default,Default,Default,Default,Default,Default,Default,Default,Default,Default,Default,Default,Default,Default,3,Default,1,Default,Default,Default,Default,Default,Default,3,"ShortRun(IterationCount=3, LaunchCount=1, WarmupCount=3)",RowsInTableNumber=1000,1,Workload,Result,2,120657200,1,120657200
InsertTableSingleThreadedBenchmark.InsertIntoTable,UnitBenchmark,InsertTableSingleThreadedBenchmark,InsertIntoTable,ShortRun,Default,Default,Default,Default,Default,Default,Default,Default,Default,Default,Default,Default,Default,Default,Default,Default,Default,Default,Default,Default,Default,Default,Default,Default,Default,Default,Default,Default,Default,Default,3,Default,1,Default,Default,Default,Default,Default,Default,3,"ShortRun(IterationCount=3, LaunchCount=1, WarmupCount=3)",RowsInTableNumber=1000,1,Workload,Result,3,116121600,1,116121600
InsertTableSingleThreadedBenchmark.InsertIntoTable,UnitBenchmark,InsertTableSingleThreadedBenchmark,InsertIntoTable,ShortRun,Default,Default,Default,Default,Default,Default,Default,Default,Default,Default,Default,Default,Default,Default,Default,Default,Default,Default,Default,Default,Default,Default,Default,Default,Default,Default,Default,Default,Default,Default,3,Default,1,Default,Default,Default,Default,Default,Default,3,"ShortRun(IterationCount=3, LaunchCount=1, WarmupCount=3)",RowsInTableNumber=2000,1,Overhead,Jitting,1,285300,1,285300
InsertTableSingleThreadedBenchmark.InsertIntoTable,UnitBenchmark,InsertTableSingleThreadedBenchmark,InsertIntoTable,ShortRun,Default,Default,Default,Default,Default,Default,Default,Default,Default,Default,Default,Default,Default,Default,Default,Default,Default,Default,Default,Default,Default,Default,Default,Default,Default,Default,Default,Default,Default,Default,3,Default,1,Default,Default,Default,Default,Default,Default,3,"ShortRun(IterationCount=3, LaunchCount=1, WarmupCount=3)",RowsInTableNumber=2000,1,Workload,Jitting,1,542605600,1,542605600
InsertTableSingleThreadedBenchmark.InsertIntoTable,UnitBenchmark,InsertTableSingleThreadedBenchmark,InsertIntoTable,ShortRun,Default,Default,Default,Default,Default,Default,Default,Default,Default,Default,Default,Default,Default,Default,Default,Default,Default,Default,Default,Default,Default,Default,Default,Default,Default,Default,Default,Default,Default,Default,3,Default,1,Default,Default,Default,Default,Default,Default,3,"ShortRun(IterationCount=3, LaunchCount=1, WarmupCount=3)",RowsInTableNumber=2000,1,Workload,Warmup,1,283147700,1,283147700
InsertTableSingleThreadedBenchmark.InsertIntoTable,UnitBenchmark,InsertTableSingleThreadedBenchmark,InsertIntoTable,ShortRun,Default,Default,Default,Default,Default,Default,Default,Default,Default,Default,Default,Default,Default,Default,Default,Default,Default,Default,Default,Default,Default,Default,Default,Default,Default,Default,Default,Default,Default,Default,3,Default,1,Default,Default,Default,Default,Default,Default,3,"ShortRun(IterationCount=3, LaunchCount=1, WarmupCount=3)",RowsInTableNumber=2000,1,Workload,Warmup,2,204442000,1,204442000
InsertTableSingleThreadedBenchmark.InsertIntoTable,UnitBenchmark,InsertTableSingleThreadedBenchmark,InsertIntoTable,ShortRun,Default,Default,Default,Default,Default,Default,Default,Default,Default,Default,Default,Default,Default,Default,Default,Default,Default,Default,Default,Default,Default,Default,Default,Default,Default,Default,Default,Default,Default,Default,3,Default,1,Default,Default,Default,Default,Default,Default,3,"ShortRun(IterationCount=3, LaunchCount=1, WarmupCount=3)",RowsInTableNumber=2000,1,Workload,Warmup,3,234961400,1,234961400
InsertTableSingleThreadedBenchmark.InsertIntoTable,UnitBenchmark,InsertTableSingleThreadedBenchmark,InsertIntoTable,ShortRun,Default,Default,Default,Default,Default,Default,Default,Default,Default,Default,Default,Default,Default,Default,Default,Default,Default,Default,Default,Default,Default,Default,Default,Default,Default,Default,Default,Default,Default,Default,3,Default,1,Default,Default,Default,Default,Default,Default,3,"ShortRun(IterationCount=3, LaunchCount=1, WarmupCount=3)",RowsInTableNumber=2000,1,Workload,Actual,1,198640800,1,198640800
InsertTableSingleThreadedBenchmark.InsertIntoTable,UnitBenchmark,InsertTableSingleThreadedBenchmark,InsertIntoTable,ShortRun,Default,Default,Default,Default,Default,Default,Default,Default,Default,Default,Default,Default,Default,Default,Default,Default,Default,Default,Default,Default,Default,Default,Default,Default,Default,Default,Default,Default,Default,Default,3,Default,1,Default,Default,Default,Default,Default,Default,3,"ShortRun(IterationCount=3, LaunchCount=1, WarmupCount=3)",RowsInTableNumber=2000,1,Workload,Actual,2,199166800,1,199166800
InsertTableSingleThreadedBenchmark.InsertIntoTable,UnitBenchmark,InsertTableSingleThreadedBenchmark,InsertIntoTable,ShortRun,Default,Default,Default,Default,Default,Default,Default,Default,Default,Default,Default,Default,Default,Default,Default,Default,Default,Default,Default,Default,Default,Default,Default,Default,Default,Default,Default,Default,Default,Default,3,Default,1,Default,Default,Default,Default,Default,Default,3,"ShortRun(IterationCount=3, LaunchCount=1, WarmupCount=3)",RowsInTableNumber=2000,1,Workload,Actual,3,205399800,1,205399800
InsertTableSingleThreadedBenchmark.InsertIntoTable,UnitBenchmark,InsertTableSingleThreadedBenchmark,InsertIntoTable,ShortRun,Default,Default,Default,Default,Default,Default,Default,Default,Default,Default,Default,Default,Default,Default,Default,Default,Default,Default,Default,Default,Default,Default,Default,Default,Default,Default,Default,Default,Default,Default,3,Default,1,Default,Default,Default,Default,Default,Default,3,"ShortRun(IterationCount=3, LaunchCount=1, WarmupCount=3)",RowsInTableNumber=2000,1,Workload,Result,1,198640800,1,198640800
InsertTableSingleThreadedBenchmark.InsertIntoTable,UnitBenchmark,InsertTableSingleThreadedBenchmark,InsertIntoTable,ShortRun,Default,Default,Default,Default,Default,Default,Default,Default,Default,Default,Default,Default,Default,Default,Default,Default,Default,Default,Default,Default,Default,Default,Default,Default,Default,Default,Default,Default,Default,Default,3,Default,1,Default,Default,Default,Default,Default,Default,3,"ShortRun(IterationCount=3, LaunchCount=1, WarmupCount=3)",RowsInTableNumber=2000,1,Workload,Result,2,199166800,1,199166800
InsertTableSingleThreadedBenchmark.InsertIntoTable,UnitBenchmark,InsertTableSingleThreadedBenchmark,InsertIntoTable,ShortRun,Default,Default,Default,Default,Default,Default,Default,Default,Default,Default,Default,Default,Default,Default,Default,Default,Default,Default,Default,Default,Default,Default,Default,Default,Default,Default,Default,Default,Default,Default,3,Default,1,Default,Default,Default,Default,Default,Default,3,"ShortRun(IterationCount=3, LaunchCount=1, WarmupCount=3)",RowsInTableNumber=2000,1,Workload,Result,3,205399800,1,205399800
InsertTableSingleThreadedBenchmark.InsertIntoTable,UnitBenchmark,InsertTableSingleThreadedBenchmark,InsertIntoTable,ShortRun,Default,Default,Default,Default,Default,Default,Default,Default,Default,Default,Default,Default,Default,Default,Default,Default,Default,Default,Default,Default,Default,Default,Default,Default,Default,Default,Default,Default,Default,Default,3,Default,1,Default,Default,Default,Default,Default,Default,3,"ShortRun(IterationCount=3, LaunchCount=1, WarmupCount=3)",RowsInTableNumber=4000,1,Overhead,Jitting,1,284600,1,284600
InsertTableSingleThreadedBenchmark.InsertIntoTable,UnitBenchmark,InsertTableSingleThreadedBenchmark,InsertIntoTable,ShortRun,Default,Default,Default,Default,Default,Default,Default,Default,Default,Default,Default,Default,Default,Default,Default,Default,Default,Default,Default,Default,Default,Default,Default,Default,Default,Default,Default,Default,Default,Default,3,Default,1,Default,Default,Default,Default,Default,Default,3,"ShortRun(IterationCount=3, LaunchCount=1, WarmupCount=3)",RowsInTableNumber=4000,1,Workload,Jitting,1,951822000,1,951822000
InsertTableSingleThreadedBenchmark.InsertIntoTable,UnitBenchmark,InsertTableSingleThreadedBenchmark,InsertIntoTable,ShortRun,Default,Default,Default,Default,Default,Default,Default,Default,Default,Default,Default,Default,Default,Default,Default,Default,Default,Default,Default,Default,Default,Default,Default,Default,Default,Default,Default,Default,Default,Default,3,Default,1,Default,Default,Default,Default,Default,Default,3,"ShortRun(IterationCount=3, LaunchCount=1, WarmupCount=3)",RowsInTableNumber=4000,1,Workload,Warmup,1,542833100,1,542833100
InsertTableSingleThreadedBenchmark.InsertIntoTable,UnitBenchmark,InsertTableSingleThreadedBenchmark,InsertIntoTable,ShortRun,Default,Default,Default,Default,Default,Default,Default,Default,Default,Default,Default,Default,Default,Default,Default,Default,Default,Default,Default,Default,Default,Default,Default,Default,Default,Default,Default,Default,Default,Default,3,Default,1,Default,Default,Default,Default,Default,Default,3,"ShortRun(IterationCount=3, LaunchCount=1, WarmupCount=3)",RowsInTableNumber=4000,1,Workload,Warmup,2,483598300,1,483598300
InsertTableSingleThreadedBenchmark.InsertIntoTable,UnitBenchmark,InsertTableSingleThreadedBenchmark,InsertIntoTable,ShortRun,Default,Default,Default,Default,Default,Default,Default,Default,Default,Default,Default,Default,Default,Default,Default,Default,Default,Default,Default,Default,Default,Default,Default,Default,Default,Default,Default,Default,Default,Default,3,Default,1,Default,Default,Default,Default,Default,Default,3,"ShortRun(IterationCount=3, LaunchCount=1, WarmupCount=3)",RowsInTableNumber=4000,1,Workload,Warmup,3,499253200,1,499253200
InsertTableSingleThreadedBenchmark.InsertIntoTable,UnitBenchmark,InsertTableSingleThreadedBenchmark,InsertIntoTable,ShortRun,Default,Default,Default,Default,Default,Default,Default,Default,Default,Default,Default,Default,Default,Default,Default,Default,Default,Default,Default,Default,Default,Default,Default,Default,Default,Default,Default,Default,Default,Default,3,Default,1,Default,Default,Default,Default,Default,Default,3,"ShortRun(IterationCount=3, LaunchCount=1, WarmupCount=3)",RowsInTableNumber=4000,1,Workload,Actual,1,505315900,1,505315900
InsertTableSingleThreadedBenchmark.InsertIntoTable,UnitBenchmark,InsertTableSingleThreadedBenchmark,InsertIntoTable,ShortRun,Default,Default,Default,Default,Default,Default,Default,Default,Default,Default,Default,Default,Default,Default,Default,Default,Default,Default,Default,Default,Default,Default,Default,Default,Default,Default,Default,Default,Default,Default,3,Default,1,Default,Default,Default,Default,Default,Default,3,"ShortRun(IterationCount=3, LaunchCount=1, WarmupCount=3)",RowsInTableNumber=4000,1,Workload,Actual,2,509476200,1,509476200
InsertTableSingleThreadedBenchmark.InsertIntoTable,UnitBenchmark,InsertTableSingleThreadedBenchmark,InsertIntoTable,ShortRun,Default,Default,Default,Default,Default,Default,Default,Default,Default,Default,Default,Default,Default,Default,Default,Default,Default,Default,Default,Default,Default,Default,Default,Default,Default,Default,Default,Default,Default,Default,3,Default,1,Default,Default,Default,Default,Default,Default,3,"ShortRun(IterationCount=3, LaunchCount=1, WarmupCount=3)",RowsInTableNumber=4000,1,Workload,Actual,3,516048200,1,516048200
InsertTableSingleThreadedBenchmark.InsertIntoTable,UnitBenchmark,InsertTableSingleThreadedBenchmark,InsertIntoTable,ShortRun,Default,Default,Default,Default,Default,Default,Default,Default,Default,Default,Default,Default,Default,Default,Default,Default,Default,Default,Default,Default,Default,Default,Default,Default,Default,Default,Default,Default,Default,Default,3,Default,1,Default,Default,Default,Default,Default,Default,3,"ShortRun(IterationCount=3, LaunchCount=1, WarmupCount=3)",RowsInTableNumber=4000,1,Workload,Result,1,505315900,1,505315900
InsertTableSingleThreadedBenchmark.InsertIntoTable,UnitBenchmark,InsertTableSingleThreadedBenchmark,InsertIntoTable,ShortRun,Default,Default,Default,Default,Default,Default,Default,Default,Default,Default,Default,Default,Default,Default,Default,Default,Default,Default,Default,Default,Default,Default,Default,Default,Default,Default,Default,Default,Default,Default,3,Default,1,Default,Default,Default,Default,Default,Default,3,"ShortRun(IterationCount=3, LaunchCount=1, WarmupCount=3)",RowsInTableNumber=4000,1,Workload,Result,2,509476200,1,509476200
InsertTableSingleThreadedBenchmark.InsertIntoTable,UnitBenchmark,InsertTableSingleThreadedBenchmark,InsertIntoTable,ShortRun,Default,Default,Default,Default,Default,Default,Default,Default,Default,Default,Default,Default,Default,Default,Default,Default,Default,Default,Default,Default,Default,Default,Default,Default,Default,Default,Default,Default,Default,Default,3,Default,1,Default,Default,Default,Default,Default,Default,3,"ShortRun(IterationCount=3, LaunchCount=1, WarmupCount=3)",RowsInTableNumber=4000,1,Workload,Result,3,516048200,1,516048200
InsertTableSingleThreadedBenchmark.InsertIntoTable,UnitBenchmark,InsertTableSingleThreadedBenchmark,InsertIntoTable,ShortRun,Default,Default,Default,Default,Default,Default,Default,Default,Default,Default,Default,Default,Default,Default,Default,Default,Default,Default,Default,Default,Default,Default,Default,Default,Default,Default,Default,Default,Default,Default,3,Default,1,Default,Default,Default,Default,Default,Default,3,"ShortRun(IterationCount=3, LaunchCount=1, WarmupCount=3)",RowsInTableNumber=8000,1,Overhead,Jitting,1,299800,1,299800
InsertTableSingleThreadedBenchmark.InsertIntoTable,UnitBenchmark,InsertTableSingleThreadedBenchmark,InsertIntoTable,ShortRun,Default,Default,Default,Default,Default,Default,Default,Default,Default,Default,Default,Default,Default,Default,Default,Default,Default,Default,Default,Default,Default,Default,Default,Default,Default,Default,Default,Default,Default,Default,3,Default,1,Default,Default,Default,Default,Default,Default,3,"ShortRun(IterationCount=3, LaunchCount=1, WarmupCount=3)",RowsInTableNumber=8000,1,Workload,Jitting,1,1929044500,1,1929044500
InsertTableSingleThreadedBenchmark.InsertIntoTable,UnitBenchmark,InsertTableSingleThreadedBenchmark,InsertIntoTable,ShortRun,Default,Default,Default,Default,Default,Default,Default,Default,Default,Default,Default,Default,Default,Default,Default,Default,Default,Default,Default,Default,Default,Default,Default,Default,Default,Default,Default,Default,Default,Default,3,Default,1,Default,Default,Default,Default,Default,Default,3,"ShortRun(IterationCount=3, LaunchCount=1, WarmupCount=3)",RowsInTableNumber=8000,1,Workload,Warmup,1,1425097700,1,1425097700
InsertTableSingleThreadedBenchmark.InsertIntoTable,UnitBenchmark,InsertTableSingleThreadedBenchmark,InsertIntoTable,ShortRun,Default,Default,Default,Default,Default,Default,Default,Default,Default,Default,Default,Default,Default,Default,Default,Default,Default,Default,Default,Default,Default,Default,Default,Default,Default,Default,Default,Default,Default,Default,3,Default,1,Default,Default,Default,Default,Default,Default,3,"ShortRun(IterationCount=3, LaunchCount=1, WarmupCount=3)",RowsInTableNumber=8000,1,Workload,Warmup,2,1431540100,1,1431540100
InsertTableSingleThreadedBenchmark.InsertIntoTable,UnitBenchmark,InsertTableSingleThreadedBenchmark,InsertIntoTable,ShortRun,Default,Default,Default,Default,Default,Default,Default,Default,Default,Default,Default,Default,Default,Default,Default,Default,Default,Default,Default,Default,Default,Default,Default,Default,Default,Default,Default,Default,Default,Default,3,Default,1,Default,Default,Default,Default,Default,Default,3,"ShortRun(IterationCount=3, LaunchCount=1, WarmupCount=3)",RowsInTableNumber=8000,1,Workload,Warmup,3,1369674700,1,1369674700
InsertTableSingleThreadedBenchmark.InsertIntoTable,UnitBenchmark,InsertTableSingleThreadedBenchmark,InsertIntoTable,ShortRun,Default,Default,Default,Default,Default,Default,Default,Default,Default,Default,Default,Default,Default,Default,Default,Default,Default,Default,Default,Default,Default,Default,Default,Default,Default,Default,Default,Default,Default,Default,3,Default,1,Default,Default,Default,Default,Default,Default,3,"ShortRun(IterationCount=3, LaunchCount=1, WarmupCount=3)",RowsInTableNumber=8000,1,Workload,Actual,1,1376607300,1,1376607300
InsertTableSingleThreadedBenchmark.InsertIntoTable,UnitBenchmark,InsertTableSingleThreadedBenchmark,InsertIntoTable,ShortRun,Default,Default,Default,Default,Default,Default,Default,Default,Default,Default,Default,Default,Default,Default,Default,Default,Default,Default,Default,Default,Default,Default,Default,Default,Default,Default,Default,Default,Default,Default,3,Default,1,Default,Default,Default,Default,Default,Default,3,"ShortRun(IterationCount=3, LaunchCount=1, WarmupCount=3)",RowsInTableNumber=8000,1,Workload,Actual,2,1427771900,1,1427771900
InsertTableSingleThreadedBenchmark.InsertIntoTable,UnitBenchmark,InsertTableSingleThreadedBenchmark,InsertIntoTable,ShortRun,Default,Default,Default,Default,Default,Default,Default,Default,Default,Default,Default,Default,Default,Default,Default,Default,Default,Default,Default,Default,Default,Default,Default,Default,Default,Default,Default,Default,Default,Default,3,Default,1,Default,Default,Default,Default,Default,Default,3,"ShortRun(IterationCount=3, LaunchCount=1, WarmupCount=3)",RowsInTableNumber=8000,1,Workload,Actual,3,1434234900,1,1434234900
InsertTableSingleThreadedBenchmark.InsertIntoTable,UnitBenchmark,InsertTableSingleThreadedBenchmark,InsertIntoTable,ShortRun,Default,Default,Default,Default,Default,Default,Default,Default,Default,Default,Default,Default,Default,Default,Default,Default,Default,Default,Default,Default,Default,Default,Default,Default,Default,Default,Default,Default,Default,Default,3,Default,1,Default,Default,Default,Default,Default,Default,3,"ShortRun(IterationCount=3, LaunchCount=1, WarmupCount=3)",RowsInTableNumber=8000,1,Workload,Result,1,1376607300,1,1376607300
InsertTableSingleThreadedBenchmark.InsertIntoTable,UnitBenchmark,InsertTableSingleThreadedBenchmark,InsertIntoTable,ShortRun,Default,Default,Default,Default,Default,Default,Default,Default,Default,Default,Default,Default,Default,Default,Default,Default,Default,Default,Default,Default,Default,Default,Default,Default,Default,Default,Default,Default,Default,Default,3,Default,1,Default,Default,Default,Default,Default,Default,3,"ShortRun(IterationCount=3, LaunchCount=1, WarmupCount=3)",RowsInTableNumber=8000,1,Workload,Result,2,1427771900,1,1427771900
InsertTableSingleThreadedBenchmark.InsertIntoTable,UnitBenchmark,InsertTableSingleThreadedBenchmark,InsertIntoTable,ShortRun,Default,Default,Default,Default,Default,Default,Default,Default,Default,Default,Default,Default,Default,Default,Default,Default,Default,Default,Default,Default,Default,Default,Default,Default,Default,Default,Default,Default,Default,Default,3,Default,1,Default,Default,Default,Default,Default,Default,3,"ShortRun(IterationCount=3, LaunchCount=1, WarmupCount=3)",RowsInTableNumber=8000,1,Workload,Result,3,1434234900,1,1434234900
InsertTableSingleThreadedBenchmark.InsertIntoTable,UnitBenchmark,InsertTableSingleThreadedBenchmark,InsertIntoTable,ShortRun,Default,Default,Default,Default,Default,Default,Default,Default,Default,Default,Default,Default,Default,Default,Default,Default,Default,Default,Default,Default,Default,Default,Default,Default,Default,Default,Default,Default,Default,Default,3,Default,1,Default,Default,Default,Default,Default,Default,3,"ShortRun(IterationCount=3, LaunchCount=1, WarmupCount=3)",RowsInTableNumber=16000,1,Overhead,Jitting,1,305500,1,305500
InsertTableSingleThreadedBenchmark.InsertIntoTable,UnitBenchmark,InsertTableSingleThreadedBenchmark,InsertIntoTable,ShortRun,Default,Default,Default,Default,Default,Default,Default,Default,Default,Default,Default,Default,Default,Default,Default,Default,Default,Default,Default,Default,Default,Default,Default,Default,Default,Default,Default,Default,Default,Default,3,Default,1,Default,Default,Default,Default,Default,Default,3,"ShortRun(IterationCount=3, LaunchCount=1, WarmupCount=3)",RowsInTableNumber=16000,1,Workload,Jitting,1,5236347900,1,5236347900
InsertTableSingleThreadedBenchmark.InsertIntoTable,UnitBenchmark,InsertTableSingleThreadedBenchmark,InsertIntoTable,ShortRun,Default,Default,Default,Default,Default,Default,Default,Default,Default,Default,Default,Default,Default,Default,Default,Default,Default,Default,Default,Default,Default,Default,Default,Default,Default,Default,Default,Default,Default,Default,3,Default,1,Default,Default,Default,Default,Default,Default,3,"ShortRun(IterationCount=3, LaunchCount=1, WarmupCount=3)",RowsInTableNumber=16000,1,Workload,Warmup,1,4530288800,1,4530288800
InsertTableSingleThreadedBenchmark.InsertIntoTable,UnitBenchmark,InsertTableSingleThreadedBenchmark,InsertIntoTable,ShortRun,Default,Default,Default,Default,Default,Default,Default,Default,Default,Default,Default,Default,Default,Default,Default,Default,Default,Default,Default,Default,Default,Default,Default,Default,Default,Default,Default,Default,Default,Default,3,Default,1,Default,Default,Default,Default,Default,Default,3,"ShortRun(IterationCount=3, LaunchCount=1, WarmupCount=3)",RowsInTableNumber=16000,1,Workload,Warmup,2,4553580200,1,4553580200
InsertTableSingleThreadedBenchmark.InsertIntoTable,UnitBenchmark,InsertTableSingleThreadedBenchmark,InsertIntoTable,ShortRun,Default,Default,Default,Default,Default,Default,Default,Default,Default,Default,Default,Default,Default,Default,Default,Default,Default,Default,Default,Default,Default,Default,Default,Default,Default,Default,Default,Default,Default,Default,3,Default,1,Default,Default,Default,Default,Default,Default,3,"ShortRun(IterationCount=3, LaunchCount=1, WarmupCount=3)",RowsInTableNumber=16000,1,Workload,Warmup,3,4457443500,1,4457443500
InsertTableSingleThreadedBenchmark.InsertIntoTable,UnitBenchmark,InsertTableSingleThreadedBenchmark,InsertIntoTable,ShortRun,Default,Default,Default,Default,Default,Default,Default,Default,Default,Default,Default,Default,Default,Default,Default,Default,Default,Default,Default,Default,Default,Default,Default,Default,Default,Default,Default,Default,Default,Default,3,Default,1,Default,Default,Default,Default,Default,Default,3,"ShortRun(IterationCount=3, LaunchCount=1, WarmupCount=3)",RowsInTableNumber=16000,1,Workload,Actual,1,4425151600,1,4425151600
InsertTableSingleThreadedBenchmark.InsertIntoTable,UnitBenchmark,InsertTableSingleThreadedBenchmark,InsertIntoTable,ShortRun,Default,Default,Default,Default,Default,Default,Default,Default,Default,Default,Default,Default,Default,Default,Default,Default,Default,Default,Default,Default,Default,Default,Default,Default,Default,Default,Default,Default,Default,Default,3,Default,1,Default,Default,Default,Default,Default,Default,3,"ShortRun(IterationCount=3, LaunchCount=1, WarmupCount=3)",RowsInTableNumber=16000,1,Workload,Actual,2,4445471700,1,4445471700
InsertTableSingleThreadedBenchmark.InsertIntoTable,UnitBenchmark,InsertTableSingleThreadedBenchmark,InsertIntoTable,ShortRun,Default,Default,Default,Default,Default,Default,Default,Default,Default,Default,Default,Default,Default,Default,Default,Default,Default,Default,Default,Default,Default,Default,Default,Default,Default,Default,Default,Default,Default,Default,3,Default,1,Default,Default,Default,Default,Default,Default,3,"ShortRun(IterationCount=3, LaunchCount=1, WarmupCount=3)",RowsInTableNumber=16000,1,Workload,Actual,3,4506945000,1,4506945000
InsertTableSingleThreadedBenchmark.InsertIntoTable,UnitBenchmark,InsertTableSingleThreadedBenchmark,InsertIntoTable,ShortRun,Default,Default,Default,Default,Default,Default,Default,Default,Default,Default,Default,Default,Default,Default,Default,Default,Default,Default,Default,Default,Default,Default,Default,Default,Default,Default,Default,Default,Default,Default,3,Default,1,Default,Default,Default,Default,Default,Default,3,"ShortRun(IterationCount=3, LaunchCount=1, WarmupCount=3)",RowsInTableNumber=16000,1,Workload,Result,1,4425151600,1,4425151600
InsertTableSingleThreadedBenchmark.InsertIntoTable,UnitBenchmark,InsertTableSingleThreadedBenchmark,InsertIntoTable,ShortRun,Default,Default,Default,Default,Default,Default,Default,Default,Default,Default,Default,Default,Default,Default,Default,Default,Default,Default,Default,Default,Default,Default,Default,Default,Default,Default,Default,Default,Default,Default,3,Default,1,Default,Default,Default,Default,Default,Default,3,"ShortRun(IterationCount=3, LaunchCount=1, WarmupCount=3)",RowsInTableNumber=16000,1,Workload,Result,2,4445471700,1,4445471700
InsertTableSingleThreadedBenchmark.InsertIntoTable,UnitBenchmark,InsertTableSingleThreadedBenchmark,InsertIntoTable,ShortRun,Default,Default,Default,Default,Default,Default,Default,Default,Default,Default,Default,Default,Default,Default,Default,Default,Default,Default,Default,Default,Default,Default,Default,Default,Default,Default,Default,Default,Default,Default,3,Default,1,Default,Default,Default,Default,Default,Default,3,"ShortRun(IterationCount=3, LaunchCount=1, WarmupCount=3)",RowsInTableNumber=16000,1,Workload,Result,3,4506945000,1,4506945000
